1674815711,o
1674815718,i
1674815725,o
1674815735,i
1674815741,o
1674815752,i
1674815762,o
1674815774,i
1674815785,o
1674815797,i
1674815805,o
1674815816,i
1674815831,o
1674815846,i
1674815857,o
1674815869,i
1674815884,o
1674815896,i
1674815909,o
1674815924,i
1674815940,o
1674815961,i
1674815978,o
1674815996,i
1674816010,o
1674816027,i
1674816040,o
1674816057,i
1674816069,o
1674816082,i
1674816098,o
1674816108,i
1674816120,o
1674816131,i
1674816146,o
1674816164,i
1674816176,o
1674816185,i
1674816205,o
1674816227,i
